Title,URL,Date
What Is Data Scraping And How Can You Use It? | Target ...,https://www.targetinternet.com/what-is-data-scraping-and-how-can-you-use-it/,13 Eyl 2017 - Lucy Provost tarafından yüklendi
5 Best Web Scraping Tools in 2019! - YouTube,https://www.youtube.com/watch?v=QbkXCkcmHJI,8 Nis 2019 - Octoparse tarafından yüklendi
,,10 Mar 2017 - Fullstack Academy tarafından yüklendi
Intro To Web Scraping With Python - YouTube,https://www.youtube.com/watch?v=4UcqECQe5Kc,29 Tem 2018 - Traversy Media tarafından yüklendi
Web scraping tutorial: Scrape product information from eBay ...,https://www.youtube.com/watch?v=b7eX7xInIVc,28 May 2019 - Octoparse tarafından yüklendi
,,14 Oca 2017
HowToDataScience : Scraping Facebook Data - YouTube,https://www.youtube.com/watch?v=yyT-e39nYcw,29 May 2018 - ritvikmath tarafından yüklendi
Web scraping in Python (Part 1): Getting started - YouTube,https://www.youtube.com/watch?v=r_xb0vF1uMc,11 Ağu 2017 - Data School tarafından yüklendi
PDF Data Scraping - YouTube,https://www.youtube.com/watch?v=SC1kZivH_Sg,9 Eki 2018 - Team PDFix tarafından yüklendi
What is DATA SCRAPING? What does DATA SCRAPING ...,https://www.youtube.com/watch?v=omTtMylcWOI,21 Eyl 2017 - The Audiopedia tarafından yüklendi
Web scraping tutorial: Scrape news information from Reuters ...,https://www.youtube.com/watch?v=VOoPev_GzUM,10 Haz 2019 - Octoparse tarafından yüklendi
Web Scraping Python Tutorial - Web Scraping using Python ...,https://intellipaat.com/blog/tutorial/python-tutorial/python-web-scraping-tutorial/,9 Eki 2019 - Intellipaat tarafından yüklendi
Data Scraping and Mining From Websites Free No Coding ...,https://www.youtube.com/watch?v=CKRjXZSgg-g,21 Şub 2017 - Just2 Techno tarafından yüklendi
,,9 Mar 2012 - Next Day Video tarafından yüklendi
"Data Scraping from websites into Excel | Web Scraping, Lead ...",https://www.youtube.com/watch?v=YQbe20G0ZSM,6 Oca 2018 - Digital Marketing tarafından yüklendi
,,10 Mar 2017 - Fullstack Academy tarafından yüklendi
Web Scraping Tutorial #2 - Scraping data using Selenium ...,https://www.youtube.com/watch?v=37AQwCE6MZA,3 Oca 2019 - Gilbert Tanner tarafından yüklendi
Web Scraping Tool to Extract Data from Websites - Agenty,https://www.agenty.com/products/scraping-agent/,7 gün önce - Agenty tarafından yüklendi
Web scraping tutorial: scraping video data from Youtube.com ...,https://www.youtube.com/watch?v=rY0ZC7OaCvs,6 Haz 2019 - Octoparse tarafından yüklendi
How To Scrape Web Data- The Basics (Webinar) - YouTube,https://www.youtube.com/watch?v=d5LVB17Ti4E,15 Şub 2018 - MozendaSupport tarafından yüklendi
QVC Can't Stop Web Scraping - Forbes,https://www.forbes.com/sites/ericgoldman/2015/03/24/qvc-cant-stop-web-scraping/,24 Mar 2015
,,12 Kas 2010 - sequentum tarafından yüklendi
Fast Web Scraping With ReactPHP #1: Extracting Data From ...,https://www.youtube.com/watch?v=_XYVP5fdt_0,19 Kas 2018 - Sergey Zhuk tarafından yüklendi
,,9 Tem 2017 - Distil Networks tarafından yüklendi
,,2 Oca 2011 - sequentum tarafından yüklendi
Web Scraping & Data Extraction Services - Mozenda,https://www.mozenda.com/services/,2 Mar 2019
Web scraping in Python (Part 3): Building a dataset - YouTube,https://www.youtube.com/watch?v=v5DDW5dyfyc,11 Ağu 2017 - Data School tarafından yüklendi
Fast Web Scraping With ReactPHP · @zhukserega,http://sergeyzhuk.me/2018/02/12/fast-webscraping-with-reactphp/,12 Şub 2018 - Sergey Zhuk tarafından yüklendi
Web Scraping using lxml and Python 2018: Extracting data ...,https://www.youtube.com/watch?v=5N066ISH8og,20 Haz 2018 - Yasoob Khalid tarafından yüklendi
How to Scrape Data from a Website on to Excel | ParseHub,https://www.parsehub.com/blog/web-scraping-excel-sheet/,19 Ağu 2019 - ParseHub tarafından yüklendi
Screen Scraping with OCR. Robotic Process Automation (RPA ...,https://ui.vision/rpa/x/desktop-automation/screen-scraping,2 gün önce - UI.Vision tarafından yüklendi
Scraping a List of Keywords - YouTube,https://www.youtube.com/watch?v=0y3Pr8Bpcfg,22 May 2018 - Octoparse tarafından yüklendi
Web Scraping | No coding. No custom scripts. No hardware ...,https://www.import.io/web-scraping/,5 Haz 2019 - import.io tarafından yüklendi
,,7 Oca 2017 - Data Science Dojo tarafından yüklendi
Creating a horse racing Tableau dashboard from data scraping,https://www.import.io/post/data-scraping-horse-racing/,13 Nis 2018 - craigsdewar tarafından yüklendi
Automate Web Data Extraction and Data Scraping ...,https://www.helpsystems.com/product-lines/automate/data-scraping-extraction,8 Ara 2016
Web Scraping in seconds! - Listly,https://www.listly.io/en,6 Ara 2018 - Listly Hello tarafından yüklendi
Web Scraping Tutorial #3 - Scraping Reddit data using the ...,https://www.youtube.com/watch?v=7iC3aqRhMFQ,9 Oca 2019 - Gilbert Tanner tarafından yüklendi
ScrapeStorm Tutorial : How to scrape data to monitor the price ...,https://www.scrapestorm.com/tutorial/how-to-scrape-data-to-monitor-the-price-of-each-currency-in-real-time-from-coinmarketcap/,29 Mar 2019 - ScrapeStorm Tutorial tarafından yüklendi
What is Data Scraping | Scraping Data From the Web ...,https://teamtreehouse.com/library/what-is-data-scraping,23 Ağu 2018
Website Scraping Use Cases from the Fortune 500 - Mozenda,https://www.mozenda.com/website-scraping-use-cases-from-the-fortune-500/,25 Nis 2019 - MozendaSupport tarafından yüklendi
6 Misunderstandings About Web Scraping - Scraping Authority,http://scrapingauthority.com/web-scraping-misunderstandings,26 Kas 2017 - Scraping Authority tarafından yüklendi
Screen Scraping with OCR. Robotic Process Automation (RPA ...,https://ui.vision/x/desktop-automation/screen-scraping,11 Eki 2019 - UI.Vision tarafından yüklendi
Grepsr Concierge | Web Data Scraping Services | Grepsr,https://www.grepsr.com/services/,22 Mar 2017 - grepsr tarafından yüklendi
Modern Web Scraping Guide - Fireship.io,https://fireship.io/lessons/web-scraping-guide/,17 Tem 2019 - Fireship tarafından yüklendi
Stock Market Analysis using Web Scraping in 2019 | Octoparse,https://www.octoparse.com/blog/stock-market-analysis-using-web-scraping,29 Eyl 2019 - Octoparse tarafından yüklendi
How to Scrape and Download Images from any Website ...,https://www.parsehub.com/blog/scrape-images-website/,22 Ağu 2019 - ParseHub tarafından yüklendi
Automate Web Data Scraping | HelpSystems,https://www.helpsystems.com/blog/automate-data-web-scraping,3 Nis 2017
PyVideo.org · Scrape the Web: Strategies for programming ...,https://pyvideo.org/video/256/pycon-2010--scrape-the-web--strategies-for-progra/,19 Şub 2010
Web Data Extraction Automation - UiPath,https://www.uipath.com/developers/video-tutorials/web-data-extraction-automation,6 Eki 2014 - UiPath tarafından yüklendi
What is Web Scraping and What is it Used For? | ParseHub,https://www.parsehub.com/blog/what-is-web-scraping/,6 Ağu 2019 - ParseHub tarafından yüklendi
Practical Introduction to Web Scraping in R | R-bloggers,https://www.r-bloggers.com/practical-introduction-to-web-scraping-in-r/,10 Nis 2019 - Rsquared Academy tarafından yüklendi
,,20 Haz 2017
ScrapeStorm Tutorial：Scraping Zappos's data,https://www.scrapestorm.com/tutorial/scraping-zapposs-data/,26 Eki 2018 - ScrapeStorm Tutorial tarafından yüklendi
Video-Scrape Cryptocurrency Data – Web Scraping Tool ...,https://helpcenter.octoparse.com/hc/en-us/articles/360033330451-Video-Scrape-Cryptocurrency-Data-,4 Eyl 2019 - Octoparse tarafından yüklendi
How to Scrape Amazon Product Data | ParseHub,https://www.parsehub.com/blog/scrape-amazon-product-data/,29 Ağu 2019 - ParseHub tarafından yüklendi
Amazon Scraper - How to Scrape Data from Amazon ...,https://www.scrapestorm.com/tutorial/how-to-scrape-data-from-amazon/,30 Eki 2019 - ScrapeStorm Tutorial tarafından yüklendi
Top 10 Web Scraping Tools for Data Extraction in 2019,https://www.scrapestorm.com/tutorial/top-10-best-web-scraping-tools-in-2019-reviews-comparison/,24 Eyl 2019 - ScrapeStorm Tutorial tarafından yüklendi
Price Scraping And Product Data Scraping Are Rampant ...,https://resources.distilnetworks.com/all-blog-posts/price-scraping,28 Ağu 2017 - Distil Networks tarafından yüklendi
,,12 Ara 2013 - grepsr tarafından yüklendi
Data Scraping - MIT Sloan Analytics Conference,http://www.sloansportsconference.com/content/data-scraping/,26 Şub 2017 - 42 Analytics tarafından yüklendi
Data scraping: A data journalist's best friend | Wits Vuvuzela,https://witsvuvuzela.com/2019/10/29/data-scraping-a-data-journalists-best-friend/,7 gün önce - Wits Vuvuzela tarafından yüklendi
Scraping Web Data Up To 500% Faster Just Got Easier,https://www.mozenda.com/scrape-web-data-faster-with-job-sequencer-request-blocker-and-java-script-action/,6 Kas 2017 - MozendaSupport tarafından yüklendi
Data scraping from single pages | Octoparse,https://www.octoparse.com/tutorial/single-page-web-scraping-octoparse,14 Mar 2016 - Octoparse tarafından yüklendi
A Gentle Introduction to Scraping Data – Advocacy Assembly,https://advocacyassembly.org/en/courses/19/,20 Haz 2017 - Advocacy Assembly tarafından yüklendi
,,18 Oca 2016
Data Extraction - Web Scraping Tool & Free Web Crawlers ...,https://www.octoparse.com/DataExtraction,14 Kas 2017 - Octoparse tarafından yüklendi
4 Important Questions when Scoping your Web Scraping Project,https://www.grepsr.com/4-important-questions-when-scoping-your-web-scraping-project-a5b74d01d260/,21 Kas 2017 - grepsr tarafından yüklendi
ScrapeStorm Tutorial：Scraping GameStop's data,https://www.scrapestorm.com/tutorial/scraping-gamestops-data/,26 Eki 2018 - ScrapeStorm Tutorial tarafından yüklendi
Scraping Best Practises - What You Have To Do Before ...,http://scrapingauthority.com/scraping-best-practises,8 Tem 2017 - Scraping Authority tarafından yüklendi
Data Scraping Automation Webinar | HelpSystems,https://www.helpsystems.com/resources/on-demand-webinars/automate-data-scraping,24 Şub 2017
How to Scrape Article Data from Medium - Medium Scraper ...,https://www.scrapestorm.com/tutorial/how-to-scrape-article-data-from-medium/,7 Mar 2019 - ScrapeStorm Tutorial tarafından yüklendi
Data scraping from details of Lists/tables in web pages ...,https://www.octoparse.com/tutorial/list-detail-page-introduction,9 Mar 2016 - Octoparse tarafından yüklendi
Web Scraper Software & Tools - Mozenda,https://www.mozenda.com/software/,19 Kas 2013
Screen Scraping Any Desktop Application - UiPath,https://www.uipath.com/developers/video-tutorials/screen-scraping-desktop-application,5 Eyl 2019 - UiPath tarafından yüklendi
How to Scrape Heels' Data from 6PM - 6PM Scraper ...,https://www.scrapestorm.com/tutorial/how-to-scrape-heels-data-from-6pm/,27 Mar 2019 - ScrapeStorm Tutorial tarafından yüklendi
Spider Free - Turn websites into organized data without code ...,https://www.producthunt.com/posts/spider-free,11 Nis 2019 - Amie Chen tarafından yüklendi
How to scrape tweets ? - Twitter data scraping using WebHarvy,https://webharvy.com/whblog/2014/07/15/how-to-scrape-tweets-twitter-data-scraping-using-webharvy/,15 Tem 2014
,,5 Kas 2014 - UiPath tarafından yüklendi
How to scrape Historical Twitter Data using Web Scraper and ...,https://www.scrapehero.com/how-to-scrape-historical-search-data-from-twitter/,24 Eki 2018 - ScrapeHero tarafından yüklendi
How To Scrape Web Data – The Basics (Webinar) - Mozenda,https://www.mozenda.com/webinar-video-scrape-web-data-basics/,15 Şub 2018 - MozendaSupport tarafından yüklendi
SSAC19: Data Scraping with Python 3 - YouTube,https://www.youtube.com/watch?v=9uILyHkR4cw,11 Mar 2019 - 42 Analytics tarafından yüklendi
Web scraping services - turn websites into spreadsheets ...,https://www.teoalida.com/database/webscraping/,10 Oca 2019 - Teoalida tarafından yüklendi
Web Scraping Services | Data Extraction Services | Web ...,https://www.gurutechnolabs.com/services/web-scraping-services/,23 Eyl 2019 - Guru Technolabs tarafından yüklendi
Speed up web scraping using Multiprocessing in Python,https://medium.com/datadriveninvestor/speed-up-web-scraping-using-multiprocessing-in-python-af434ff310c5,19 Eki 2018 - Get Set Python tarafından yüklendi
Scrape Octoparse that Requires Login and Load Web Content ...,https://www.octoparse.com/tutorial/how-to-scrape-a-website-that-requires-login-first,25 Nis 2016 - Octoparse tarafından yüklendi
Resources - Flowchart Mode - The first scraping case ...,https://www.scrapestorm.com/tutorial/the-first-scraping-case-in-flowchart-mode/,10 Eki 2019 - ScrapeStorm Tutorial tarafından yüklendi
,,21 Oca 2014
Web scraping NOAA's commercial landings data | Christopher ...,https://marine.rutgers.edu/~cfree/web-scraping-noaas-commercial-landings-data/,23 Nis 2016 - Chris Free tarafından yüklendi
Web Scraping Tutorial: Tracking Your Competitors with Price ...,https://medium.com/@realtoughcandy/greetings-data-scrapers-in-todays-tutorial-i-m-going-to-show-you-how-to-monitor-retail-prices-f2e42558f997,25 Şub 2019 - RealToughCandy tarafından yüklendi
How to Scrape Cannabis from WeedMaps - ScrapeStorm,https://www.scrapestorm.com/tutorial/how-to-scrape-cannabis-from-weedmaps/,29 Mar 2019 - ScrapeStorm Tutorial tarafından yüklendi
Introduction to Web Scraping | Online Alteryx Training | Kubicle,https://kubicle.com/learn/alteryx/introduction-to-web-scraping,8 Kas 2018
Web Scraping & Data Extraction Webinars - Scrapinghub,https://scrapinghub.com/webinars,3 Tem 2017 - Scrapinghub tarafından yüklendi
Data Scraping Use Cases From The Fortune 500 - Mozenda,https://www.mozenda.com/use-cases/,29 Eyl 2018
Scraping the web for price comparison data (Mozenda),https://medium.com/@realtoughcandy/scraping-the-web-for-price-comparison-data-mozenda-7beb15b97cd6,22 Mar 2019 - RealToughCandy tarafından yüklendi
How to Scrape Video Information from YouTube - ScrapeStorm,https://www.scrapestorm.com/tutorial/how-to-scrape-video-information-from-youtube/,25 Haz 2019 - ScrapeStorm Tutorial tarafından yüklendi
Web Scraping For Competitive Pricing Analysis - Mozenda,https://www.mozenda.com/amsoil-case-study/,10 Kas 2018
"Data Scraping Services India, Web Scraping Services | 3i ...",https://vimeo.com/59041135,6 Şub 2013 - 3i Data Scraping Services India tarafından yüklendi
About Scrapinghub - The World's Leading Web Scraping ...,https://scrapinghub.com/about,21 Kas 2018
How to scrape product data from Amazon - Amazon scraper ...,https://www.scrapestorm.com/tutorial/how-to-scrape-product-data-from-amazon/,19 Nis 2019 - ScrapeStorm Tutorial tarafından yüklendi
